source,created_at_local,pick_up_latitude,pick_up_longitude,drop_off_latitude,drop_off_longitude,city,fare,pick_up_distance,state
ADR,46:18.0,14.604348,120.998654,14.53737,120.994423,Metro Manila,281.875,0.389894,CANCELLED
T47,51:59.0,14.590099,121.082645,14.508611,121.019444,Metro Manila,413.125,2.20977,COMPLETED
T47,21:24.0,14.582707,121.061458,14.537752,121.001379,Metro Manila,277.5,2.70291,COMPLETED
ADR,53:34.0,14.585812,121.060171,14.575915,121.085487,Metro Manila,220.625,0.321403,CANCELLED
IOS,49:16.0,14.55201,121.05126,14.63021,120.99592,Metro Manila,378.125,0.667067,COMPLETED
T47,26:18.0,14.589394,121.059928,14.444546,120.993874,Metro Manila,505,0.289595,COMPLETED
IOS,27:06.0,14.58645,121.04887,14.63925,121.03681,Metro Manila,229.375,1.54755,COMPLETED
T47,47:03.0,14.588782,121.097317,14.583526,121.05698,Metro Manila,211.875,2.91636,COMPLETED
IOS,37:49.0,14.60688,121.08063,14.61947,121.08618,Metro Manila,163.75,0.854165,COMPLETED
IOS,14:03.0,14.58073,121.05603,14.58568,121.07864,Metro Manila,176.875,0.713984,COMPLETED
T47,09:54.0,14.606341,121.072206,14.65073,121.102855,Metro Manila,255.625,2.13367,COMPLETED
IOS,07:23.0,14.5867,121.06216,14.55264,121.02509,Metro Manila,220.625,0.475091,COMPLETED
IOS,54:56.0,14.52066,121.0136,14.57923,121.024,Metro Manila,238.125,1.97401,COMPLETED
IOS,12:15.0,14.55184,121.02194,14.57944,121.03592,Metro Manila,207.5,0.484101,COMPLETED
IOS,37:21.0,14.55287,121.0471,14.55096,121.0233,Metro Manila,190,0.941629,COMPLETED
IOS,08:12.0,14.5764,121.03972,14.55201,121.05126,Metro Manila,216.25,1.29251,CANCELLED
IOS,30:30.0,14.55585,121.02357,14.55083,121.0542,Metro Manila,203.125,0.227643,COMPLETED
ADR,51:14.0,14.551341,121.016678,14.549732,121.02677,Metro Manila,168.125,0.638074,COMPLETED
IOS,25:21.0,14.55213,121.02282,14.61825,120.98596,Metro Manila,312.5,1.78689,COMPLETED
ADR,50:42.0,14.561096,121.076607,14.592875,121.028582,Metro Manila,255.625,3.42448,CANCELLED
ADR,36:32.0,14.554809,121.047631,14.574944,120.984938,Metro Manila,308.125,0.647543,COMPLETED
IOS,39:33.0,14.57301,121.07686,14.57013,121.04709,Metro Manila,225,2.10955,COMPLETED
IOS,53:27.0,14.58175,121.06103,14.54013,120.99827,Metro Manila,290.625,0.757028,COMPLETED
IOS,24:55.0,14.57034,121.05617,14.58388,121.05693,Metro Manila,176.875,1.00364,COMPLETED
IOS,07:32.0,14.55317,121.02572,14.57751,121.03378,Metro Manila,207.5,0.643453,COMPLETED
IOS,37:28.0,14.54224,121.0264,14.55495,121.01552,Metro Manila,168.125,1.09464,COMPLETED
T47,04:46.0,14.567198,121.092266,14.508611,121.019444,Metro Manila,338.75,2.18035,COMPLETED
T47,14:32.0,14.575374,121.091092,14.554729,121.024445,Metro Manila,273.125,0.407294,CANCELLED
ADR,41:19.0,14.576377,121.085106,14.663866,120.944861,Metro Manila,474.375,3.66117,COMPLETED
IOS,50:16.0,14.5813,121.058,14.60955,121.0468,Metro Manila,211.875,0.700703,COMPLETED
IOS,34:46.0,14.5764,121.085,14.58164,121.05819,Metro Manila,216.25,2.52053,CANCELLED
IOS,27:13.0,14.55083,121.0542,14.66588,121.0894,Metro Manila,382.5,0.576761,CANCELLED
IOS,13:32.0,14.5607,121.02021,14.51955,121.0138,Metro Manila,268.75,0.26669,COMPLETED
T47,05:44.0,14.553006,121.05213,14.608855,121.079789,Metro Manila,255.625,0.701896,COMPLETED
T47,53:51.0,14.582707,121.061458,14.554729,121.024445,Metro Manila,211.875,0.549624,COMPLETED
T47,18:51.0,14.579444,121.035917,14.554729,121.024445,Metro Manila,220.625,3.04088,COMPLETED
IOS,51:12.0,14.61722,121.06307,14.55473,121.02445,Metro Manila,299.375,0.902487,COMPLETED
IOS,52:08.0,14.51955,121.0138,14.58645,121.04887,Metro Manila,334.375,0.930853,COMPLETED
T47,35:53.0,14.554729,121.024445,14.516241,120.985481,Metro Manila,260,1.10699,COMPLETED
IOS,31:52.0,14.55776,121.10373,14.58386,121.05712,Metro Manila,225,0.41597,CANCELLED
T47,12:44.0,14.57127,121.099476,14.508611,121.019444,Metro Manila,373.75,2.08132,COMPLETED
T47,38:38.0,14.681922,121.04211,14.488009,121.04544,Metro Manila,0,,UNALLOCATED
T47,30:48.0,12.879721,121.774017,14.508611,121.019444,Metro Manila,0,,UNALLOCATED
T47,11:27.0,14.576147,121.080195,14.532155,120.983868,Metro Manila,0,,UNALLOCATED
T47,23:09.0,14.569208,121.060157,14.444546,120.993874,Metro Manila,0,,UNALLOCATED
T47,04:26.0,14.556254,121.074355,14.589819,121.069161,Metro Manila,0,,UNALLOCATED
T47,23:46.0,14.604869,121.037924,14.508611,121.019444,Metro Manila,0,,UNALLOCATED
T47,34:53.0,14.549346,121.099429,14.589819,121.069161,Metro Manila,0,,UNALLOCATED
T47,20:24.0,14.557461,121.020717,14.564148,121.030328,Metro Manila,0,,UNALLOCATED
T47,04:57.0,14.630462,121.066474,14.585469,121.05622,Metro Manila,0,,UNALLOCATED
T47,15:30.0,14.587251,121.051652,14.601968,121.049672,Metro Manila,0,,UNALLOCATED
T47,10:39.0,14.541965,121.038975,14.554729,121.024445,Metro Manila,0,,UNALLOCATED
T47,15:53.0,14.638214,121.122688,14.616595,121.077221,Metro Manila,0,,UNALLOCATED
T47,34:32.0,14.586397,121.050083,14.590099,121.082645,Metro Manila,0,,UNALLOCATED
T47,06:34.0,14.702179,121.06821,14.508611,121.019444,Metro Manila,0,,UNALLOCATED
T47,47:34.0,14.580759,121.092371,14.589844,121.060554,Metro Manila,0,,UNALLOCATED
T47,57:56.0,14.589044,121.074982,14.65073,121.102855,Metro Manila,0,,UNALLOCATED
T47,02:06.0,14.58706,121.062085,14.554729,121.024445,Metro Manila,0,,UNALLOCATED
T47,11:25.0,14.572162,121.029725,14.554729,121.024445,Metro Manila,0,,UNALLOCATED
T47,48:59.0,14.586975,121.022829,14.537752,121.001379,Metro Manila,0,,UNALLOCATED
T47,54:01.0,14.567347,121.06652,14.554729,121.024445,Metro Manila,0,,UNALLOCATED
T47,56:27.0,14.53416,121.017742,14.508611,121.019444,Metro Manila,0,,UNALLOCATED
T47,21:42.0,14.553939,121.006272,14.642983,121.043931,Metro Manila,0,,UNALLOCATED
T47,49:57.0,14.417032,121.047617,14.517618,121.050864,Metro Manila,0,,UNALLOCATED
T47,13:13.0,14.59942,121.122571,14.608855,121.079789,Metro Manila,0,,UNALLOCATED
T47,10:55.0,14.585192,121.061324,14.508611,121.019444,Metro Manila,0,,UNALLOCATED
T47,19:13.0,14.554872,121.02034,14.6135,121.034,Metro Manila,0,,UNALLOCATED
T47,57:16.0,14.588416,121.03136,14.580692,121.055368,Metro Manila,0,,UNALLOCATED
T47,43:33.0,14.48096,121.038096,14.508611,121.019444,Metro Manila,0,,UNALLOCATED
T47,45:42.0,14.419502,121.038702,14.417032,121.047617,Metro Manila,0,,UNALLOCATED
T47,31:31.0,14.585383,121.060294,14.508611,121.019444,Metro Manila,0,,UNALLOCATED
T47,16:30.0,14.576876,121.087967,14.608855,121.079789,Metro Manila,0,,UNALLOCATED
T47,17:03.0,14.47931,121.019823,14.734787,121.061207,Metro Manila,0,,UNALLOCATED
VNU,35:15.0,14.549732,121.02677,14.517618,121.050864,Metro Manila,203.125,0.0564028,COMPLETED
ADR,36:10.0,14.526282,121.042728,14.558117,121.016979,Metro Manila,268.75,1.36108,COMPLETED
IOS,06:19.0,14.67002,121.04605,14.55542,121.01563,Metro Manila,456.875,0.560846,COMPLETED
IOS,58:18.0,14.59399,121.10122,14.58386,121.05712,Metro Manila,225,1.31195,COMPLETED
IOS,27:19.0,14.54658,121.03437,14.57702,121.05008,Metro Manila,225,1.0097,COMPLETED
IOS,11:52.0,14.50687,121.00403,14.51955,121.0138,Metro Manila,207.5,0.379175,COMPLETED
ADR,58:23.0,14.484485,120.994899,14.594508,120.977008,Metro Manila,343.125,4.91656,COMPLETED
IOS,49:51.0,14.56351,121.01006,14.58167,120.98442,Metro Manila,229.375,1.42916,CANCELLED
ADR,49:05.0,14.620332,121.067353,14.610421,121.080037,Metro Manila,185.625,0.41653,CANCELLED
ADR,42:07.0,14.599629,121.049253,14.585837,121.059294,Metro Manila,168.125,3.22331,CANCELLED
IOS,53:38.0,14.55648,121.02229,14.55291,120.9801,Metro Manila,220.625,0.142734,COMPLETED
IOS,06:02.0,14.57297,120.98816,14.54985,121.04731,Metro Manila,312.5,2.54063,COMPLETED
IOS,16:41.0,14.66352,121.08412,14.61042,121.08004,Metro Manila,268.75,5.16029,CANCELLED
IOS,37:22.0,14.57301,121.07686,14.5509,121.05358,Metro Manila,216.25,3.32716,CANCELLED
IOS,41:00.0,14.55407,121.04838,14.55,121.03333,Metro Manila,181.25,0.279559,CANCELLED
IOS,35:36.0,14.5622,121.01944,14.58164,121.05819,Metro Manila,207.5,1.76581,COMPLETED
VNU,45:07.0,14.549732,121.02677,14.537751,121.001379,Metro Manila,185.625,0.0958919,COMPLETED
IOS,34:01.0,14.57172,121.04984,14.55666,121.02439,Metro Manila,216.25,1.88311,COMPLETED
IOS,10:22.0,14.57216,121.02972,14.57956,121.04538,Metro Manila,172.5,0.608247,COMPLETED
IOS,15:51.0,14.58584,121.05929,14.55171,121.02727,Metro Manila,216.25,1.62199,CANCELLED
ADR,19:05.0,14.563446,121.038366,14.557376,121.015098,Metro Manila,198.75,2.37313,COMPLETED
IOS,49:27.0,14.55708,121.02119,14.5212,121.06217,Metro Manila,273.125,0.0930445,CANCELLED
IOS,48:43.0,14.55795,121.00376,14.55346,121.02249,Metro Manila,168.125,0.794649,COMPLETED
ADR,21:57.0,14.565287,121.028072,14.558852,121.023075,Metro Manila,159.375,2.39991,COMPLETED
IOS,22:04.0,14.57422,121.04198,14.58386,121.05712,Metro Manila,190,0.716697,CANCELLED
IOS,25:37.0,14.57781,121.00013,14.50977,121.01326,Metro Manila,299.375,3.65212,COMPLETED
VNU,46:56.0,14.549732,121.02677,14.554729,121.024445,Metro Manila,150.625,0.114531,COMPLETED
IOS,30:53.0,14.59066,121.03376,14.5608,121.01641,Metro Manila,268.75,0.943497,COMPLETED
IOS,09:56.0,14.6006,121.02797,14.60206,121.0485,Metro Manila,181.25,0.486294,COMPLETED
VNU,10:14.0,14.549732,121.02677,14.554729,121.024445,Metro Manila,150.625,0.270427,COMPLETED
IOS,21:01.0,14.61856,121.04269,14.54964,121.0514,Metro Manila,325.625,2.44104,COMPLETED
ADR,49:45.0,14.588377,121.063294,14.559256,121.018061,Metro Manila,264.375,0.221565,COMPLETED
IOS,04:05.0,14.61501,121.06313,14.63485,121.10389,Metro Manila,211.875,1.02054,COMPLETED
IOS,31:24.0,14.58257,121.05966,14.59964,121.0564,Metro Manila,181.25,0.254203,COMPLETED
IOS,08:42.0,14.58157,121.04734,14.58069,121.05537,Metro Manila,172.5,1.38649,COMPLETED
IOS,11:49.0,14.57216,121.02972,14.60769,121.0786,Metro Manila,233.75,0.481283,COMPLETED
VNU,04:36.0,14.549732,121.02677,14.676041,121.0437,Metro Manila,404.375,0.057063,COMPLETED
IOS,36:49.0,14.5974,121.02243,14.57825,121.05752,Metro Manila,203.125,1.6725,COMPLETED
ADR,19:04.0,14.652117,121.068297,14.642479,121.039349,Metro Manila,264.375,1.64267,CANCELLED
ADR,51:19.0,14.632334,121.060081,14.627761,121.034516,Metro Manila,181.25,2.10127,COMPLETED
IOS,11:04.0,14.57834,121.03293,14.58984,121.06055,Metro Manila,220.625,0.76908,COMPLETED
IOS,16:15.0,14.58962,121.06795,14.58147,121.06437,Metro Manila,168.125,3.14623,COMPLETED
ADR,55:09.0,14.588853,120.9967,14.560802,121.016413,Metro Manila,220.625,1.66257,COMPLETED
IOS,32:46.0,14.58948,121.06377,14.62388,121.06175,Metro Manila,211.875,1.83117,CANCELLED
IOS,08:37.0,14.572,121.03078,14.55808,121.02225,Metro Manila,176.875,1.70789,COMPLETED
IOS,12:04.0,14.6135,121.034,14.63454,121.03569,Metro Manila,172.5,1.20775,COMPLETED
IOS,16:42.0,14.61326,121.06033,14.65181,120.96584,Metro Manila,347.5,0.626356,COMPLETED
ADR,49:13.0,14.672876,121.059419,14.681922,121.04211,Metro Manila,181.25,2.10017,COMPLETED
IOS,11:30.0,14.56195,120.99358,14.5301,121.05384,Metro Manila,334.375,0.806738,COMPLETED
ADR,39:15.0,14.593057,121.038674,14.519562,121.013791,Metro Manila,325.625,1.67347,COMPLETED
IOS,24:59.0,14.55251,120.99497,14.58202,120.98288,Metro Manila,229.375,1.86801,COMPLETED
IOS,15:36.0,14.5322,121.0208,14.55282,121.02107,Metro Manila,198.75,3.09321,COMPLETED
ADR,39:12.0,14.572162,121.029725,14.640625,121.076505,Metro Manila,321.25,0.303037,COMPLETED
IOS,26:36.0,14.60659,120.99333,14.55574,121.02239,Metro Manila,264.375,0.69063,COMPLETED
ADR,13:56.0,14.616125,121.039244,14.637492,121.000898,Metro Manila,238.125,0.995822,COMPLETED
IOS,23:07.0,14.6159,121.09513,14.62045,121.05322,Metro Manila,255.625,1.7849,COMPLETED
VNU,30:43.0,14.549732,121.02677,14.554729,121.024445,Metro Manila,150.625,0.0690563,COMPLETED
IOS,14:17.0,14.58752,121.089,14.58725,121.06476,Metro Manila,207.5,1.02456,COMPLETED
IOS,13:59.0,14.57838,120.988,14.55056,121.01507,Metro Manila,220.625,0.168549,COMPLETED
IOS,46:53.0,14.541,121.028,14.58388,121.05693,Metro Manila,233.75,1.97373,COMPLETED
ADR,10:14.0,14.550646,121.026614,14.606622,120.97958,Metro Manila,316.875,0.0318716,CANCELLED
ADR,14:06.0,14.577805,121.062899,14.561158,121.022669,Metro Manila,238.125,1.74549,COMPLETED
ADR,49:20.0,14.586454,121.048871,14.621172,121.062944,Metro Manila,238.125,0.401772,COMPLETED
VNU,57:38.0,14.549732,121.02677,14.537751,121.001379,Metro Manila,185.625,1.42012,COMPLETED
ADR,57:29.0,14.540922,121.018642,14.654422,121.034945,Metro Manila,369.375,1.88936,COMPLETED
IOS,07:34.0,14.6535,121.03349,14.63848,121.07348,Metro Manila,242.5,0.22015,COMPLETED
ADR,07:28.0,14.554716,121.014457,14.426363,121.009233,Metro Manila,443.75,0.43311,COMPLETED
ADR,37:34.0,14.576061,121.050516,14.556418,121.017758,Metro Manila,238.125,0.57685,COMPLETED
IOS,54:04.0,14.58972,121.06154,14.58398,121.06323,Metro Manila,150.625,0.354453,CANCELLED
ADR,12:21.0,14.688088,121.04856,14.610046,120.989156,Metro Manila,338.75,0.976079,COMPLETED
IOS,12:02.0,14.55321,121.05063,14.58069,121.05537,Metro Manila,225,2.40892,COMPLETED
IOS,34:38.0,14.54251,121.04706,14.55001,121.04597,Metro Manila,155,1.34056,CANCELLED
IOS,35:09.0,14.57297,121.07715,14.54894,121.04692,Metro Manila,203.125,0.804426,COMPLETED
ADR,23:22.0,14.6025,121.026667,14.552473,121.018728,Metro Manila,246.875,2.67911,COMPLETED
ADR,33:21.0,14.554928,121.044277,14.558791,121.003286,Metro Manila,229.375,1.81032,CANCELLED
IOS,19:01.0,14.57457,121.00454,14.57172,121.04984,Metro Manila,295,0.975929,COMPLETED
IOS,37:54.0,14.5625,121.03066,14.58747,121.06115,Metro Manila,225,3.96246,COMPLETED
ADR,20:51.0,14.625231,121.050214,14.554073,121.048377,Metro Manila,290.625,0.483302,CANCELLED
IOS,05:22.0,14.66512,121.08081,14.55184,121.02194,Metro Manila,395.625,1.42963,CANCELLED
IOS,06:41.0,14.67002,121.04605,14.55542,121.01563,Metro Manila,404.375,1.30728,COMPLETED
ADR,17:45.0,14.5867,121.05977,14.549547,121.056075,Metro Manila,229.375,0.554729,COMPLETED
VNU,35:06.0,14.549732,121.02677,14.554729,121.024445,Metro Manila,150.625,0.332815,COMPLETED
IOS,13:22.0,14.63821,121.12269,14.5509,121.05358,Metro Manila,316.875,4.22748,COMPLETED
VNU,04:00.0,14.549732,121.02677,14.554729,121.024445,Metro Manila,155,0.646215,COMPLETED
IOS,42:31.0,14.54586,121.05375,14.52875,121.05791,Metro Manila,168.125,1.21408,CANCELLED
ADR,03:49.0,14.583865,121.057123,14.681537,121.079228,Metro Manila,360.625,2.41149,COMPLETED
IOS,23:51.0,14.5608,121.01641,14.64941,121.10108,Metro Manila,386.875,0.991414,COMPLETED
ADR,06:25.0,14.557645,121.010783,14.545862,121.053755,Metro Manila,211.875,0.632192,COMPLETED
IOS,24:17.0,14.59882,121.09775,14.55287,121.0517,Metro Manila,268.75,0.705635,COMPLETED
ADR,35:56.0,14.572162,121.029725,14.579559,121.045382,Metro Manila,168.125,1.23462,COMPLETED
IOS,05:32.0,14.61673,121.02722,14.60197,121.04967,Metro Manila,194.375,0.825193,COMPLETED
IOS,31:58.0,14.56785,121.02311,14.88148,120.86712,Metro Manila,811.25,0.087465,COMPLETED
ADR,31:54.0,14.561372,121.028523,14.551694,121.021796,Metro Manila,159.375,0.114763,COMPLETED
ADR,09:03.0,14.582952,121.105695,14.535058,120.982132,Metro Manila,347.5,3.38744,COMPLETED
ADR,21:38.0,14.580619,121.05526,14.553167,121.025722,Metro Manila,220.625,0.17798,COMPLETED
ADR,04:25.0,14.621725,121.080359,14.556656,121.024395,Metro Manila,321.25,1.71827,CANCELLED
ADR,28:10.0,14.50981,121.010752,14.787072,120.882397,Metro Manila,701.875,1.88273,COMPLETED
IOS,00:26.0,14.5721,121.07107,14.55809,121.01736,Metro Manila,260,2.16908,COMPLETED
IOS,49:24.0,14.5508,120.98705,14.56071,121.01748,Metro Manila,190,3.16837,COMPLETED
IOS,25:44.0,14.55589,121.0052,14.60254,120.98687,Metro Manila,220.625,1.29826,CANCELLED
ADR,38:49.0,14.558117,121.016979,14.436506,120.960384,Metro Manila,408.75,0.971561,COMPLETED
IOS,28:11.0,14.54644,121.0619,14.58321,121.0568,Metro Manila,238.125,0.419137,CANCELLED
ADR,48:23.0,14.575074,121.044081,14.557645,121.018771,Metro Manila,216.25,2.52691,CANCELLED
VNU,38:05.0,14.549732,121.02677,14.554729,121.024445,Metro Manila,150.625,0.21178,COMPLETED
ADR,50:41.0,14.59591,121.058677,14.586257,121.044265,Metro Manila,190,1.19535,CANCELLED
IOS,31:12.0,14.64818,121.02764,14.58553,121.03781,Metro Manila,343.125,1.30078,COMPLETED
IOS,24:25.0,14.57188,121.00279,14.52313,121.00093,Metro Manila,295,1.0373,COMPLETED
ADR,10:54.0,14.63498,121.06499,14.676041,121.0437,Metro Manila,268.75,2.6713,CANCELLED
IOS,45:54.0,14.57836,121.04758,14.55633,121.02124,Metro Manila,220.625,1.85412,COMPLETED
ADR,56:00.0,14.549732,121.02677,14.45,120.95,Metro Manila,382.5,0.635711,COMPLETED
IOS,20:24.0,14.55456,121.02388,14.54955,121.05608,Metro Manila,229.375,2.03299,COMPLETED
IOS,57:17.0,14.54789,121.02133,14.56709,121.01342,Metro Manila,172.5,1.62575,COMPLETED
IOS,43:53.0,14.66948,121.10835,14.56921,121.06016,Metro Manila,316.875,0.637416,COMPLETED
IOS,24:22.0,14.59925,121.10824,14.63821,121.12269,Metro Manila,242.5,3.25674,CANCELLED
IOS,04:23.0,14.64861,121.07167,14.66565,121.08224,Metro Manila,190,3.2945,CANCELLED
ADR,31:18.0,14.576274,121.070056,14.585812,121.060171,Metro Manila,176.875,1.52867,COMPLETED
IOS,16:26.0,14.55809,121.01736,14.56529,121.02807,Metro Manila,181.25,0.897371,COMPLETED
IOS,31:04.0,14.61605,121.05326,14.5867,121.06216,Metro Manila,190,0.312559,COMPLETED
ADR,09:39.0,14.560802,121.016413,14.629133,121.066349,Metro Manila,325.625,1.41669,CANCELLED
IOS,09:28.0,14.5282,121.0421,14.65749,121.05612,Metro Manila,443.75,1.12747,COMPLETED
IOS,53:28.0,14.60886,121.08001,14.46812,120.98096,Metro Manila,491.875,2.27394,COMPLETED
IOS,47:23.0,14.61003,121.09177,14.60769,121.0786,Metro Manila,176.875,1.14138,COMPLETED
IOS,24:37.0,14.55132,121.02541,14.56623,121.01024,Metro Manila,233.75,0.485066,COMPLETED
VNU,50:13.0,14.549732,121.02677,14.553065,121.024445,Metro Manila,155,0.33231,COMPLETED
VNU,14:08.0,14.549732,121.02677,14.537751,121.001379,Metro Manila,185.625,0.668469,CANCELLED
IOS,22:04.0,14.5761,121.03046,14.55851,121.01916,Metro Manila,190,0.708514,CANCELLED
IOS,38:13.0,14.54309,121.01327,14.55921,121.0176,Metro Manila,211.875,0.21462,COMPLETED
IOS,43:47.0,14.57216,121.02972,14.57956,121.04538,Metro Manila,172.5,1.86047,COMPLETED
ADR,00:02.0,14.582395,121.062987,14.625309,120.969724,Metro Manila,435,0.563722,COMPLETED
ADR,26:15.0,14.555015,121.017428,14.50549,121.004878,Metro Manila,277.5,0.54084,COMPLETED
IOS,33:01.0,14.61104,120.9802,14.60833,120.99102,Metro Manila,168.125,2.21018,CANCELLED
IOS,38:51.0,14.64275,121.05762,14.55261,121.02542,Metro Manila,343.125,1.06667,COMPLETED
IOS,16:34.0,14.53635,120.98495,14.4903,121.02108,Metro Manila,233.75,0.584112,COMPLETED
IOS,02:31.0,14.49346,121.04292,14.54999,121.04818,Metro Manila,273.125,1.17484,COMPLETED
ADR,54:35.0,14.465721,121.043702,14.552889,121.047089,Metro Manila,338.75,3.80831,CANCELLED
ADR,28:22.0,14.534746,121.038163,14.62746,121.038527,Metro Manila,386.875,1.94818,COMPLETED
IOS,36:10.0,14.48802,121.04442,14.55857,121.02568,Metro Manila,281.875,1.53968,COMPLETED
ADR,20:47.0,14.587596,121.060232,14.572133,121.015579,Metro Manila,260,1.24228,CANCELLED
ADR,52:33.0,14.558159,121.018272,14.554672,121.050665,Metro Manila,190,0.248744,COMPLETED
IOS,18:56.0,14.57954,120.98492,14.60895,120.99305,Metro Manila,203.125,3.23484,COMPLETED
IOS,46:33.0,14.64283,121.05113,14.57401,121.04779,Metro Manila,268.75,0.259912,COMPLETED
ADR,24:11.0,14.549529,121.063558,14.549287,121.04624,Metro Manila,168.125,0.773175,COMPLETED
IOS,29:26.0,14.56008,121.02084,14.64307,121.03768,Metro Manila,343.125,1.26787,COMPLETED
IOS,38:29.0,14.61811,121.05629,14.61459,121.06172,Metro Manila,155,0.629705,CANCELLED
ADR,10:15.0,14.551284,121.016912,14.557589,121.022996,Metro Manila,155,0.255674,CANCELLED
ADR,59:16.0,14.543135,121.011761,14.560051,121.020484,Metro Manila,172.5,1.51238,COMPLETED
IOS,32:39.0,14.56308,121.01476,14.62554,121.04837,Metro Manila,321.25,0.422137,CANCELLED
IOS,16:05.0,14.57087,121.00432,14.56363,121.02878,Metro Manila,190,1.3596,COMPLETED
ADR,48:30.0,14.57302,121.077087,14.519546,121.013797,Metro Manila,334.375,1.8725,COMPLETED
ADR,41:58.0,14.55778,121.097133,14.59549,121.080008,Metro Manila,229.375,2.97858,COMPLETED
IOS,52:13.0,14.52454,121.04382,14.63759,121.01255,Metro Manila,413.125,0.193769,COMPLETED
ADR,00:29.0,14.580188,121.03282,14.553584,121.048114,Metro Manila,190,2.89357,CANCELLED
IOS,39:46.0,14.55184,121.02194,14.48068,121.03049,Metro Manila,255.625,0.41275,COMPLETED
IOS,13:37.0,14.6519,121.01797,14.60557,120.99321,Metro Manila,233.75,1.78548,CANCELLED
IOS,04:39.0,14.58202,120.98288,14.55862,121.00598,Metro Manila,203.125,0.946427,COMPLETED
IOS,25:06.0,14.56189,121.0113,14.56506,121.0362,Metro Manila,181.25,0.918325,COMPLETED
IOS,20:09.0,14.56547,121.0164,14.55,121.03333,Metro Manila,190,1.32104,COMPLETED
IOS,16:45.0,14.55467,121.05066,14.55713,121.01057,Metro Manila,238.125,1.47831,COMPLETED
ADR,30:59.0,14.559804,121.00095,14.564337,120.99645,Metro Manila,155,1.7326,COMPLETED
IOS,13:58.0,14.55378,121.04582,14.55648,121.02229,Metro Manila,198.75,0.412586,CANCELLED
IOS,50:39.0,14.5907,121.06099,14.57733,121.05956,Metro Manila,172.5,0.511693,CANCELLED
IOS,01:09.0,14.57018,121.02594,14.52447,121.00108,Metro Manila,277.5,0.994683,COMPLETED
ADR,59:36.0,14.677405,121.014012,14.64413,121.048379,Metro Manila,255.625,1.28825,CANCELLED
IOS,42:08.0,14.64922,121.07907,14.64628,121.05093,Metro Manila,198.75,0.199974,COMPLETED
VNU,33:13.0,14.549732,121.02677,14.479309,121.019822,Metro Manila,316.875,0.156714,COMPLETED
ADR,19:04.0,14.630018,121.037631,14.527456,121.006189,Metro Manila,369.375,3.29586,COMPLETED
IOS,23:43.0,14.55408,121.04588,14.55723,121.02175,Metro Manila,190,0.225694,COMPLETED
VNU,01:43.0,14.549732,121.02677,14.479309,121.019822,Metro Manila,255.625,1.47723,COMPLETED
IOS,05:21.0,14.55396,121.04448,14.56229,121.03078,Metro Manila,190,1.35152,COMPLETED
ADR,27:40.0,14.574889,121.121275,14.58296,121.057459,Metro Manila,242.5,1.88642,COMPLETED
IOS,32:34.0,14.55305,121.01968,14.5633,121.0354,Metro Manila,198.75,0.208306,COMPLETED
IOS,58:43.0,14.61669,121.03917,14.6932,121.09346,Metro Manila,338.75,0.921724,COMPLETED
IOS,55:40.0,14.54971,121.05083,14.62045,121.05322,Metro Manila,281.875,0.647238,CANCELLED
VNU,16:29.0,14.549732,121.02677,14.537751,121.001379,Metro Manila,185.625,0.215276,COMPLETED
ADR,32:37.0,14.542045,121.055547,14.550929,121.050986,Metro Manila,163.75,0.657404,COMPLETED
IOS,13:03.0,14.60837,121.07075,14.50969,121.0128,Metro Manila,386.875,1.16276,COMPLETED
ADR,38:14.0,14.608435,121.026225,14.551315,121.025412,Metro Manila,233.75,0.405668,CANCELLED
ADR,02:18.0,14.488649,121.040786,14.582436,120.985511,Metro Manila,316.875,0.569904,CANCELLED
IOS,48:25.0,14.58116,121.05505,14.62835,121.0547,Metro Manila,238.125,0.350984,COMPLETED
IOS,11:41.0,14.51758,121.05735,14.57216,121.02972,Metro Manila,316.875,2.96774,COMPLETED
IOS,46:34.0,14.58643,121.06136,14.60783,121.08025,Metro Manila,185.625,1.00964,COMPLETED
ADR,41:59.0,14.586257,121.044265,14.596252,121.058958,Metro Manila,238.125,0.928889,COMPLETED
ADR,53:40.0,14.570399,121.023515,14.554169,121.023597,Metro Manila,190,1.10936,COMPLETED
IOS,25:15.0,14.58752,121.08152,14.55481,121.04763,Metro Manila,233.75,0.750924,COMPLETED
ADR,43:10.0,14.488649,121.040786,14.486973,121.043361,Metro Manila,146.25,1.27265,COMPLETED
VNU,28:17.0,14.549732,121.02677,14.479309,121.019822,Metro Manila,316.875,0.30092,CANCELLED
ADR,19:57.0,14.5529,121.022,14.567089,121.013423,Metro Manila,176.875,1.08035,COMPLETED
IOS,00:24.0,14.63485,121.05196,14.56,121.03152,Metro Manila,312.5,0.742405,COMPLETED
IOS,11:25.0,14.57931,121.04729,14.57022,121.02187,Metro Manila,207.5,1.88578,CANCELLED
IOS,58:46.0,14.66796,121.0736,14.52182,121.01302,Metro Manila,465.625,2.74837,COMPLETED
VNU,38:43.0,14.549732,121.02677,14.554729,121.024445,Metro Manila,150.625,0.474528,COMPLETED
VNU,42:03.0,14.549732,121.02677,14.517618,121.050864,Metro Manila,242.5,0.399693,COMPLETED
IOS,20:41.0,14.59024,120.98305,14.55261,121.02542,Metro Manila,260,0.813389,COMPLETED
IOS,50:56.0,14.58714,121.06369,14.56947,121.10981,Metro Manila,251.25,1.68353,COMPLETED
IOS,41:27.0,14.5761,121.03046,14.55851,121.01916,Metro Manila,190,1.66895,CANCELLED
IOS,06:08.0,14.55324,121.04644,14.63134,121.05222,Metro Manila,303.75,0.323552,COMPLETED
ADR,43:40.0,14.639479,121.061493,14.557872,121.018431,Metro Manila,369.375,1.80247,COMPLETED
VNU,27:10.0,14.549732,121.02677,14.554729,121.024445,Metro Manila,150.625,1.30215,COMPLETED
IOS,34:13.0,14.55535,121.01982,14.46539,121.01863,Metro Manila,378.125,1.48517,COMPLETED
VNU,36:24.0,14.549732,121.02677,14.549547,121.056075,Metro Manila,203.125,0.0587888,COMPLETED
VNU,11:18.0,14.549732,121.02677,14.554729,121.024445,Metro Manila,150.625,0.352421,COMPLETED
VNU,55:25.0,14.549732,121.02677,14.479309,121.019822,Metro Manila,255.625,0.0337978,COMPLETED
IOS,51:59.0,14.49217,121.04259,14.58388,121.05693,Metro Manila,290.625,0.46062,COMPLETED
VNU,00:10.0,14.549732,121.02677,14.599512,120.984219,Metro Manila,242.5,1.4912,COMPLETED
IOS,23:40.0,14.55477,121.024,14.55937,121.01455,Metro Manila,0,,UNALLOCATED
IOS,22:40.0,14.55348,121.01484,14.58232,121.07292,Metro Manila,0,,UNALLOCATED
IOS,01:35.0,14.60341,121.09271,14.54976,121.05273,Metro Manila,0,,UNALLOCATED
IOS,55:50.0,14.55191,121.04551,14.58584,121.05929,Metro Manila,0,,UNALLOCATED
IOS,40:13.0,14.56014,121.01682,14.57325,120.99948,Metro Manila,0,,UNALLOCATED
IOS,53:36.0,14.60912,121.09202,14.60769,121.0786,Metro Manila,0,,UNALLOCATED
ADR,33:08.0,14.58736,120.972865,14.558616,121.005979,Metro Manila,0,,UNALLOCATED
IOS,17:04.0,14.58244,121.05195,14.5308,121.07274,Metro Manila,0,,UNALLOCATED
ADR,58:48.0,14.486955,121.043109,14.468986,121.056041,Metro Manila,0,,UNALLOCATED
IOS,23:17.0,14.57794,121.04229,14.55633,121.02124,Metro Manila,0,,UNALLOCATED
IOS,30:51.0,14.59853,121.03762,14.5637,120.99517,Metro Manila,0,,UNALLOCATED
ADR,10:57.0,14.558493,121.056913,14.484117,120.992024,Metro Manila,0,,UNALLOCATED
IOS,29:14.0,14.57417,121.02119,14.55472,121.01446,Metro Manila,0,,UNALLOCATED
IOS,41:47.0,14.58398,121.06323,14.58906,121.06999,Metro Manila,0,,UNALLOCATED
IOS,19:22.0,14.55358,121.04811,14.62303,120.99956,Metro Manila,0,,UNALLOCATED
ADR,50:05.0,14.551284,121.016912,14.543135,121.011761,Metro Manila,0,,UNALLOCATED
IOS,20:39.0,14.59951,120.98422,14.55921,121.0176,Metro Manila,0,,UNALLOCATED
ADR,15:46.0,14.615011,121.095273,14.552007,121.051264,Metro Manila,0,,UNALLOCATED
ADR,28:03.0,14.549913,121.025798,14.543135,121.011761,Metro Manila,0,,UNALLOCATED
ADR,57:39.0,14.583209,121.056804,14.554729,121.024445,Metro Manila,0,,UNALLOCATED
IOS,33:33.0,14.41797,121.04397,14.56435,121.02933,Metro Manila,0,,UNALLOCATED
IOS,19:33.0,14.61342,121.05701,14.6099,121.0809,Metro Manila,0,,UNALLOCATED
IOS,44:29.0,14.56345,121.03837,14.55485,121.02545,Metro Manila,0,,UNALLOCATED